<?xml version="1.0" encoding="UTF-8"?>
<faces-config>
  <managed-bean>
    <managed-bean-name>utilityBean</managed-bean-name>
    <managed-bean-class>org.acme.runforfun.utils.Utils</managed-bean-class>
    <managed-bean-scope>session</managed-bean-scope>
    <managed-property>
      <property-name>debug</property-name>
      <value>true</value>
      <!-- <value>#{javascript:@DbLookup(@DbName(),"profile","configuration","debug","[FAILSILENT]")}</value> -->
      <property-class>java.lang.Boolean</property-class>
    </managed-property>
    <managed-property>
      <property-name>openlog</property-name>
      <value>false</value>
      <!-- <value>#{javascript:@DbLookup(@DbName(),"profile","configuration","debugTarget","[FAILSILENT]")}</value> -->
      <property-class>java.lang.Boolean</property-class>
    </managed-property>
  </managed-bean>
  <managed-bean>
    <managed-bean-name>appBean</managed-bean-name>
    <managed-bean-class>org.acme.runforfun.app.ApplicationBean</managed-bean-class>
    <managed-bean-scope>session</managed-bean-scope>
    <managed-property>
      <property-name>utils</property-name>
      <value>#{utilityBean}</value>
    </managed-property>
  </managed-bean>
  <managed-bean>
    <managed-bean-name>eventBean</managed-bean-name>
    <managed-bean-class>org.acme.runforfun.app.EventBean</managed-bean-class>
    <managed-bean-scope>view</managed-bean-scope>
  </managed-bean>
  <managed-bean>
    <managed-bean-name>eventValidator</managed-bean-name>
    <managed-bean-class>org.acme.runforfun.test.EventValidators</managed-bean-class>
    <managed-bean-scope>view</managed-bean-scope>
  </managed-bean>
  <managed-bean>
    <managed-bean-name>runnerBean</managed-bean-name>
    <managed-bean-class>org.acme.runforfun.app.RunnerBean</managed-bean-class>
    <managed-bean-scope>view</managed-bean-scope>
  </managed-bean>
  <managed-bean>
    <managed-bean-name>runnerValidator</managed-bean-name>
    <managed-bean-class>org.acme.runforfun.test.RunnerValidators</managed-bean-class>
    <managed-bean-scope>view</managed-bean-scope>
  </managed-bean>
  <managed-bean>
    <managed-bean-name>jsfUtils</managed-bean-name>
    <managed-bean-class>org.acme.runforfun.utils.JSFUtils</managed-bean-class>
    <managed-bean-scope>session</managed-bean-scope>
  </managed-bean>
  <managed-bean>
    <managed-bean-name>subscriptionBean</managed-bean-name>
    <managed-bean-class>org.acme.runforfun.app.SubscriptionBean</managed-bean-class>
    <managed-bean-scope>view</managed-bean-scope>
  </managed-bean>
  <!--AUTOGEN-START-BUILDER: Automatically generated by HCL Domino Designer. Do not modify.-->
  <!--AUTOGEN-END-BUILDER: End of automatically generated section-->
</faces-config>
